{"IcoMoonType":"selection","icons":[{"icon":{"paths":["M512 439.603l-362.035-362.035-72.397 72.397 362.035 362.035-362.035 362.035 72.397 72.397 362.035-362.035 362.035 362.035 72.397-72.397-362.035-362.035 362.035-362.035-72.397-72.397-362.035 362.035z"],"attrs":[{}],"isMulticolor":false,"isMulticolor2":false,"tags":["close"],"grid":20},"attrs":[{}],"properties":{"order":1,"id":0,"prevSize":20,"code":59649,"name":"close"},"setIdx":0,"setId":3,"iconIdx":0},{"icon":{"paths":["M213.333 554.667h256v256c0 23.552 19.115 42.667 42.667 42.667s42.667-19.115 42.667-42.667v-256h256c23.552 0 42.667-19.115 42.667-42.667s-19.115-42.667-42.667-42.667h-256v-256c0-23.552-19.115-42.667-42.667-42.667s-42.667 19.115-42.667 42.667v256h-256c-23.552 0-42.667 19.115-42.667 42.667s19.115 42.667 42.667 42.667z"],"attrs":[{}],"isMulticolor":false,"isMulticolor2":false,"tags":["plus"],"grid":24},"attrs":[{}],"properties":{"order":1,"id":0,"name":"plus","prevSize":24,"code":59648},"setIdx":1,"setId":2,"iconIdx":0}],"height":1024,"metadata":{"name":"icomoon"},"preferences":{"showGlyphs":true,"showQuickUse":true,"showQuickUse2":true,"showSVGs":true,"fontPref":{"prefix":"icon-","metadata":{"fontFamily":"icomoon"},"metrics":{"emSize":1024,"baseline":6.25,"whitespace":50},"embed":false},"imagePref":{"prefix":"icon-","png":true,"useClassSelector":true,"color":0,"bgColor":16777215,"classSelector":".icon"},"historySize":50,"showCodes":true,"gridSize":16}}